date_reco;serial;client;client_code;contrat;modele_machine;marque;couleur;toner;ville;code_postal;jours_avant_rupture;date_rupture_estimee;priorite;commentaire
;$$;;;$CT002442$;;;black;black;;;0;2025-11-29;1;Risque de rupture imminent
;$$;;;$CT002553$;;;black;black;;;0;2025-11-29;1;Risque de rupture imminent
;$$;;;$CT002551$;;;black;black;;;0;2025-11-29;1;Risque de rupture imminent
;$$;;;$CT002568$;;;black;black;;;0;2025-11-29;1;Risque de rupture imminent
;$$;;;$CT002575$;;;black;black;;;0;2025-11-29;1;Risque de rupture imminent
;$$;;;$CT002518$;;;black;black;;;0;2025-11-29;1;Risque de rupture imminent
;$$;;;$CT002571$;;;black;black;;;0;2025-11-29;1;Risque de rupture imminent
;$$;;;$CT002433$;;;black;black;;;0;2025-11-29;1;Risque de rupture imminent
;$$;;;$CT001604$;;;black;black;;;0;2025-11-29;1;Risque de rupture imminent
;$$;;;$CT002520$;;;black;black;;;0;2025-11-29;1;Risque de rupture imminent
;$$;;;$CT002459$;;;black;black;;;0;2025-11-29;1;Risque de rupture imminent
;$$;;;$CT002517$;;;black;black;;;0;2025-11-29;1;Risque de rupture imminent
;$$;;;$CT002434$;;;black;black;;;0;2025-11-29;1;Risque de rupture imminent
;$$;;;$CT002569$;;;black;black;;;0;2025-11-29;1;Risque de rupture imminent
;$$;;;$CT002626$;;;black;black;;;0;2025-11-29;1;Risque de rupture imminent
;$$;;;$CT002526$;;;black;black;;;0;2025-11-29;1;Risque de rupture imminent
;$$;;;$CT000174$;;;black;black;;;0;2025-11-29;1;Risque de rupture imminent
;$$;;;$CT003732$;;;black;black;;;0;2025-11-29;1;Risque de rupture imminent
;$$;;;$CT001494$;;;black;black;;;0;2025-11-29;1;Risque de rupture imminent
;$$;;;$CT003730$;;;black;black;;;0;2025-11-29;1;Risque de rupture imminent
;$$;;;$CT002442$;;;cyan;cyan;;;0;2025-11-29;1;Risque de rupture imminent
;$$;;;$CT002553$;;;cyan;cyan;;;0;2025-11-29;1;Risque de rupture imminent
;$$;;;$CT002551$;;;cyan;cyan;;;0;2025-11-29;1;Risque de rupture imminent
;$$;;;$CT002568$;;;cyan;cyan;;;0;2025-11-29;1;Risque de rupture imminent
;$$;;;$CT002575$;;;cyan;cyan;;;0;2025-11-29;1;Risque de rupture imminent
;$$;;;$CT002518$;;;cyan;cyan;;;0;2025-11-29;1;Risque de rupture imminent
;$$;;;$CT002571$;;;cyan;cyan;;;0;2025-11-29;1;Risque de rupture imminent
;$$;;;$CT002433$;;;cyan;cyan;;;0;2025-11-29;1;Risque de rupture imminent
;$$;;;$CT001604$;;;cyan;cyan;;;0;2025-11-29;1;Risque de rupture imminent
;$$;;;$CT002520$;;;cyan;cyan;;;0;2025-11-29;1;Risque de rupture imminent
;$$;;;$CT002459$;;;cyan;cyan;;;0;2025-11-29;1;Risque de rupture imminent
;$$;;;$CT002517$;;;cyan;cyan;;;0;2025-11-29;1;Risque de rupture imminent
;$$;;;$CT002434$;;;cyan;cyan;;;0;2025-11-29;1;Risque de rupture imminent
;$$;;;$CT002569$;;;cyan;cyan;;;0;2025-11-29;1;Risque de rupture imminent
;$$;;;$CT002626$;;;cyan;cyan;;;0;2025-11-29;1;Risque de rupture imminent
;$$;;;$CT002526$;;;cyan;cyan;;;0;2025-11-29;1;Risque de rupture imminent
;$$;;;$CT000174$;;;cyan;cyan;;;0;2025-11-29;1;Risque de rupture imminent
;$$;;;$CT003732$;;;cyan;cyan;;;0;2025-11-29;1;Risque de rupture imminent
;$$;;;$CT001494$;;;cyan;cyan;;;0;2025-11-29;1;Risque de rupture imminent
;$$;;;$CT003730$;;;cyan;cyan;;;0;2025-11-29;1;Risque de rupture imminent
;$$;;;$CT002442$;;;magenta;magenta;;;0;2025-11-21;1;Risque de rupture imminent
;$$;;;$CT002553$;;;magenta;magenta;;;0;2025-11-21;1;Risque de rupture imminent
;$$;;;$CT002551$;;;magenta;magenta;;;0;2025-11-21;1;Risque de rupture imminent
;$$;;;$CT002568$;;;magenta;magenta;;;0;2025-11-21;1;Risque de rupture imminent
;$$;;;$CT002575$;;;magenta;magenta;;;0;2025-11-21;1;Risque de rupture imminent
;$$;;;$CT002518$;;;magenta;magenta;;;0;2025-11-21;1;Risque de rupture imminent
;$$;;;$CT002571$;;;magenta;magenta;;;0;2025-11-21;1;Risque de rupture imminent
;$$;;;$CT002433$;;;magenta;magenta;;;0;2025-11-21;1;Risque de rupture imminent
;$$;;;$CT001604$;;;magenta;magenta;;;0;2025-11-21;1;Risque de rupture imminent
;$$;;;$CT002520$;;;magenta;magenta;;;0;2025-11-21;1;Risque de rupture imminent
;$$;;;$CT002459$;;;magenta;magenta;;;0;2025-11-21;1;Risque de rupture imminent
;$$;;;$CT002517$;;;magenta;magenta;;;0;2025-11-21;1;Risque de rupture imminent
;$$;;;$CT002434$;;;magenta;magenta;;;0;2025-11-21;1;Risque de rupture imminent
;$$;;;$CT002569$;;;magenta;magenta;;;0;2025-11-21;1;Risque de rupture imminent
;$$;;;$CT002626$;;;magenta;magenta;;;0;2025-11-21;1;Risque de rupture imminent
;$$;;;$CT002526$;;;magenta;magenta;;;0;2025-11-21;1;Risque de rupture imminent
;$$;;;$CT000174$;;;magenta;magenta;;;0;2025-11-21;1;Risque de rupture imminent
;$$;;;$CT003732$;;;magenta;magenta;;;0;2025-11-21;1;Risque de rupture imminent
;$$;;;$CT001494$;;;magenta;magenta;;;0;2025-11-21;1;Risque de rupture imminent
;$$;;;$CT003730$;;;magenta;magenta;;;0;2025-11-21;1;Risque de rupture imminent
;$$;;;$CT002442$;;;yellow;yellow;;;0;2025-11-18;1;Risque de rupture imminent
;$$;;;$CT002553$;;;yellow;yellow;;;0;2025-11-18;1;Risque de rupture imminent
;$$;;;$CT002551$;;;yellow;yellow;;;0;2025-11-18;1;Risque de rupture imminent
;$$;;;$CT002568$;;;yellow;yellow;;;0;2025-11-18;1;Risque de rupture imminent
;$$;;;$CT002575$;;;yellow;yellow;;;0;2025-11-18;1;Risque de rupture imminent
;$$;;;$CT002518$;;;yellow;yellow;;;0;2025-11-18;1;Risque de rupture imminent
;$$;;;$CT002571$;;;yellow;yellow;;;0;2025-11-18;1;Risque de rupture imminent
;$$;;;$CT002433$;;;yellow;yellow;;;0;2025-11-18;1;Risque de rupture imminent
;$$;;;$CT001604$;;;yellow;yellow;;;0;2025-11-18;1;Risque de rupture imminent
;$$;;;$CT002520$;;;yellow;yellow;;;0;2025-11-18;1;Risque de rupture imminent
;$$;;;$CT002459$;;;yellow;yellow;;;0;2025-11-18;1;Risque de rupture imminent
;$$;;;$CT002517$;;;yellow;yellow;;;0;2025-11-18;1;Risque de rupture imminent
;$$;;;$CT002434$;;;yellow;yellow;;;0;2025-11-18;1;Risque de rupture imminent
;$$;;;$CT002569$;;;yellow;yellow;;;0;2025-11-18;1;Risque de rupture imminent
;$$;;;$CT002626$;;;yellow;yellow;;;0;2025-11-18;1;Risque de rupture imminent
;$$;;;$CT002526$;;;yellow;yellow;;;0;2025-11-18;1;Risque de rupture imminent
;$$;;;$CT000174$;;;yellow;yellow;;;0;2025-11-18;1;Risque de rupture imminent
;$$;;;$CT003732$;;;yellow;yellow;;;0;2025-11-18;1;Risque de rupture imminent
;$$;;;$CT001494$;;;yellow;yellow;;;0;2025-11-18;1;Risque de rupture imminent
;$$;;;$CT003730$;;;yellow;yellow;;;0;2025-11-18;1;Risque de rupture imminent
;$115554$;;;$CT003488$;;;black;black;;;0;2025-11-25;1;Risque de rupture imminent
;$210239$;;;$CT004958$;;;cyan;cyan;;;0;2025-11-28;1;Risque de rupture imminent
;$210240$;;;$CT004959$;;;black;black;;;0;2025-11-27;1;Risque de rupture imminent
;$210240$;;;$CT004959$;;;yellow;yellow;;;0;2025-11-23;1;Risque de rupture imminent
;$3392613691$;;;$CT000584$;;;black;black;;;0;2025-03-16;1;Risque de rupture imminent
;$3392613691$;;;$CT000584$;;;cyan;cyan;;;0;2025-07-04;1;Risque de rupture imminent
;$3392613691$;;;$CT000584$;;;magenta;magenta;;;0;2025-08-07;1;Risque de rupture imminent
;$3392613934$;;;$CT000552$;;;black;black;;;0;2025-08-11;1;Risque de rupture imminent
;$3392613934$;;;$CT000552$;;;cyan;cyan;;;0;2025-05-25;1;Risque de rupture imminent
;$3392613934$;;;$CT000552$;;;magenta;magenta;;;0;2025-03-28;1;Risque de rupture imminent
;$3392613934$;;;$CT000552$;;;yellow;yellow;;;0;2025-07-13;1;Risque de rupture imminent
;$35N00727$;;;$CT002843$;;;magenta;magenta;;;0;2025-11-21;1;Risque de rupture imminent
;$35N00735$;;;$CT002846$;;;magenta;magenta;;;0;2025-11-21;1;Risque de rupture imminent
;$35N00736$;;;$CT002845$;;;cyan;cyan;;;0;2025-11-30;1;Risque de rupture imminent
;$35N00736$;;;$CT002845$;;;magenta;magenta;;;0;2025-11-21;1;Risque de rupture imminent
;$35N00736$;;;$CT002845$;;;yellow;yellow;;;0;2025-11-18;1;Risque de rupture imminent
;$35N00738$;;;$CT002844$;;;magenta;magenta;;;0;2025-11-22;1;Risque de rupture imminent
;$3712398760$;;;$CT000781$;;;cyan;cyan;;;0;2025-04-11;1;Risque de rupture imminent
;$3712398760$;;;$CT000781$;;;magenta;magenta;;;0;2025-04-16;1;Risque de rupture imminent
;$3712398760$;;;$CT000781$;;;yellow;yellow;;;0;2025-07-14;1;Risque de rupture imminent
;$3717195336$;;;$CT001179$;;;cyan;cyan;;;0;2025-10-24;1;Risque de rupture imminent
;$3717198351$;;;$CT001141$;;;yellow;yellow;;;0;2025-11-06;1;Risque de rupture imminent
;$3774381367$;;;$CT001499$;;;magenta;magenta;;;0;2025-11-22;1;Risque de rupture imminent
;$3774393195$;;;$CT001494$;;;yellow;yellow;;;0;2025-12-04;1;Risque de rupture imminent
;$3942059506$;;;$CT001433$;;;magenta;magenta;;;0;2025-11-07;1;Risque de rupture imminent
;$3MU04986$;;;$$;;;yellow;yellow;;;0;2025-06-27;1;Risque de rupture imminent
;$3MV01311$;;;$CT002839$;;;black;black;;;0;2025-11-28;1;Risque de rupture imminent
;$3MV01311$;;;$CT002839$;;;yellow;yellow;;;0;2025-11-19;1;Risque de rupture imminent
;$3MV01322$;;;$CT002841$;;;yellow;yellow;;;0;2025-11-23;1;Risque de rupture imminent
;$3MV01343$;;;$CT002838$;;;black;black;;;0;2025-11-28;1;Risque de rupture imminent
;$3NP03076$;;;$$;;;cyan;cyan;;;0;2025-10-04;1;Risque de rupture imminent
;$3NP03120$;;;$CT003201$;;;black;black;;;0;2025-03-27;1;Risque de rupture imminent
;$3NP03120$;;;$CT003201$;;;cyan;cyan;;;0;2025-07-06;1;Risque de rupture imminent
;$3NP03120$;;;$CT003201$;;;magenta;magenta;;;0;2025-07-25;1;Risque de rupture imminent
;$3NP03120$;;;$CT003201$;;;yellow;yellow;;;0;2025-10-29;1;Risque de rupture imminent
;$3TE05641$;;;$CT002904$;;;black;black;;;0;2024-10-29;1;Risque de rupture imminent
;$3TE05641$;;;$CT002904$;;;cyan;cyan;;;0;2025-05-31;1;Risque de rupture imminent
;$3TE05641$;;;$CT002904$;;;magenta;magenta;;;0;2025-05-31;1;Risque de rupture imminent
;$3TE05641$;;;$CT002904$;;;yellow;yellow;;;0;2025-05-25;1;Risque de rupture imminent
;$3TE05747$;;;$CT002905$;;;black;black;;;0;2025-11-28;1;Risque de rupture imminent
;$4BU06875$;;;$CT001604$;;;cyan;cyan;;;0;2025-11-24;1;Risque de rupture imminent
;$660886$;;;$CT004955$;;;black;black;;;0;2025-11-27;1;Risque de rupture imminent
;$JPBVJDM0SF$;;;$$;;;black;black;;;0;2024-10-23;1;Risque de rupture imminent
;$JPBVJDM0SF$;;;$CT001637$;;;black;black;;;0;2024-10-23;1;Risque de rupture imminent
;$JPBVJDM0SF$;;;$$;;;cyan;cyan;;;0;2024-11-12;1;Risque de rupture imminent
;$JPBVJDM0SF$;;;$CT001637$;;;cyan;cyan;;;0;2024-11-12;1;Risque de rupture imminent
;$JPBVJDM0SF$;;;$$;;;magenta;magenta;;;0;2024-10-18;1;Risque de rupture imminent
;$JPBVJDM0SF$;;;$CT001637$;;;magenta;magenta;;;0;2024-10-18;1;Risque de rupture imminent
;$JPBVJDM0SF$;;;$$;;;yellow;yellow;;;0;2024-10-18;1;Risque de rupture imminent
;$JPBVJDM0SF$;;;$CT001637$;;;yellow;yellow;;;0;2024-10-18;1;Risque de rupture imminent
;$JPBVK2604K$;;;$CT001630$;;;black;black;;;0;2025-02-02;1;Risque de rupture imminent
;$JPBVK2604K$;;;$CT001630$;;;cyan;cyan;;;0;2025-03-04;1;Risque de rupture imminent
;$JPBVK2604K$;;;$CT001630$;;;yellow;yellow;;;0;2025-05-04;1;Risque de rupture imminent
;$JPBVK2604R$;;;$CT001631$;;;magenta;magenta;;;0;2025-11-08;1;Risque de rupture imminent
;$JPBVK2604R$;;;$CT001631$;;;yellow;yellow;;;0;2025-11-19;1;Risque de rupture imminent
;$JPBVK2604Z$;;;$CT001632$;;;black;black;;;0;2024-12-07;1;Risque de rupture imminent
;$JPBVK2604Z$;;;$CT001632$;;;cyan;cyan;;;0;2025-03-15;1;Risque de rupture imminent
;$JPBVK2604Z$;;;$CT001632$;;;magenta;magenta;;;0;2025-03-06;1;Risque de rupture imminent
;$JPBVK2604Z$;;;$CT001632$;;;yellow;yellow;;;0;2025-06-17;1;Risque de rupture imminent
;$JPBVK360SY$;;;$CT001647$;;;magenta;magenta;;;0;2025-08-04;1;Risque de rupture imminent
;$JPBVK360T1$;;;$CT001646$;;;black;black;;;0;2025-04-16;1;Risque de rupture imminent
;$JPBVK360T1$;;;$CT001646$;;;cyan;cyan;;;0;2025-07-09;1;Risque de rupture imminent
;$JPBVK360T1$;;;$CT001646$;;;magenta;magenta;;;0;2025-02-15;1;Risque de rupture imminent
;$JPBVK360T1$;;;$CT001646$;;;yellow;yellow;;;0;2024-10-03;1;Risque de rupture imminent
;$JPBVK3N0TP$;;;$CT001650$;;;black;black;;;0;2025-03-19;1;Risque de rupture imminent
;$JPBVK3N0TP$;;;$CT001650$;;;cyan;cyan;;;0;2025-05-02;1;Risque de rupture imminent
;$JPBVK3N0TP$;;;$CT001650$;;;magenta;magenta;;;0;2024-11-08;1;Risque de rupture imminent
;$JPBVK3N0TP$;;;$CT001650$;;;yellow;yellow;;;0;2025-08-02;1;Risque de rupture imminent
;$JPBVK460SW$;;;$CT001656$;;;magenta;magenta;;;0;2024-10-20;1;Risque de rupture imminent
;$JPBVK460T0$;;;$CT001643$;;;yellow;yellow;;;0;2025-06-06;1;Risque de rupture imminent
;$JPBVK460T0$;;;$CT001647$;;;yellow;yellow;;;0;2025-06-06;1;Risque de rupture imminent
;$JPBVK460VK$;;;$CT001657$;;;black;black;;;0;2025-03-08;1;Risque de rupture imminent
;$JPBVK460VK$;;;$CT001657$;;;cyan;cyan;;;0;2025-08-20;1;Risque de rupture imminent
;$JPBVK460VK$;;;$CT001657$;;;magenta;magenta;;;0;2024-10-17;1;Risque de rupture imminent
;$JPBVK460VK$;;;$CT001657$;;;yellow;yellow;;;0;2025-06-23;1;Risque de rupture imminent
;$JPBVK460VN$;;;$CT001633$;;;black;black;;;0;2024-09-02;1;Risque de rupture imminent
;$JPBVK460VN$;;;$CT001633$;;;cyan;cyan;;;0;2024-06-29;1;Risque de rupture imminent
;$JPBVK460VN$;;;$CT001633$;;;magenta;magenta;;;0;2024-09-06;1;Risque de rupture imminent
;$JPBVK460VN$;;;$CT001633$;;;yellow;yellow;;;0;2024-06-16;1;Risque de rupture imminent
;$JPBVK460W4$;;;$CT001638$;;;black;black;;;0;2025-02-08;1;Risque de rupture imminent
;$JPBVK460W4$;;;$CT001638$;;;cyan;cyan;;;0;2025-10-14;1;Risque de rupture imminent
;$JPBVK460W4$;;;$CT001638$;;;magenta;magenta;;;0;2025-07-16;1;Risque de rupture imminent
;$JPBVK460W4$;;;$CT001638$;;;yellow;yellow;;;0;2025-09-11;1;Risque de rupture imminent
;$JPBVK460XL$;;;$CT001634$;;;black;black;;;0;2024-03-05;1;Risque de rupture imminent
;$JPBVK460XL$;;;$CT001634$;;;cyan;cyan;;;0;2024-03-28;1;Risque de rupture imminent
;$JPBVK460XL$;;;$CT001634$;;;magenta;magenta;;;0;2024-03-22;1;Risque de rupture imminent
;$JPBVK460XL$;;;$CT001634$;;;yellow;yellow;;;0;2024-03-23;1;Risque de rupture imminent
;$KNDY16397$;;;$CT003416$;;;black;black;;;0;2024-09-02;1;Risque de rupture imminent
;$X3BL116732$;;;$$;;;black;black;;;0;2025-11-24;1;Risque de rupture imminent
;$X3BL116732$;;;$CT003354$;;;black;black;;;0;2025-11-24;1;Risque de rupture imminent
;$X3BL116988$;;;$$;;;black;black;;;0;2025-11-27;1;Risque de rupture imminent
;$X3BL116988$;;;$CT003152$;;;black;black;;;0;2025-11-27;1;Risque de rupture imminent
;$X3BL124865$;;;$CT003178$;;;black;black;;;0;2025-11-27;1;Risque de rupture imminent
;$X3BL124867$;;;$$;;;black;black;;;0;2025-11-27;1;Risque de rupture imminent
;$X3BL124867$;;;$CT003209$;;;black;black;;;0;2025-11-27;1;Risque de rupture imminent
;$X3BL125449$;;;$$;;;black;black;;;0;2025-11-28;1;Risque de rupture imminent
;$X3BL125449$;;;$CT003197$;;;black;black;;;0;2025-11-28;1;Risque de rupture imminent
;$X3BL125590$;;;$CT003211$;;;black;black;;;0;2025-11-25;1;Risque de rupture imminent
;$X3BL125603$;;;$$;;;black;black;;;0;2025-11-29;1;Risque de rupture imminent
;$X3BL125603$;;;$CT003282$;;;black;black;;;0;2025-11-29;1;Risque de rupture imminent
;$X3BL125632$;;;$$;;;black;black;;;0;2025-11-27;1;Risque de rupture imminent
;$X3BL125632$;;;$CT003174$;;;black;black;;;0;2025-11-27;1;Risque de rupture imminent
;$X3BL125647$;;;$$;;;black;black;;;0;2025-11-27;1;Risque de rupture imminent
;$X3BL125647$;;;$CT003210$;;;black;black;;;0;2025-11-27;1;Risque de rupture imminent
;$X576054395$;;;$CT003537$;;;yellow;yellow;;;0;2025-11-08;1;Risque de rupture imminent
;$X576062359$;;;$CT002479$;;;black;black;;;0;2025-11-19;1;Risque de rupture imminent
;$X576062423$;;;$CT002483$;;;magenta;magenta;;;0;2025-11-21;1;Risque de rupture imminent
;$X576074839$;;;$$;;;magenta;magenta;;;0;2025-11-22;1;Risque de rupture imminent
;$X576074839$;;;$CT002811$;;;magenta;magenta;;;0;2025-11-22;1;Risque de rupture imminent
;$X576086397$;;;$CT002643$;;;cyan;cyan;;;0;2025-11-27;1;Risque de rupture imminent
;$X576086397$;;;$CT002643$;;;yellow;yellow;;;0;2025-11-20;1;Risque de rupture imminent
;$X576087419$;;;$$;;;magenta;magenta;;;0;2025-11-21;1;Risque de rupture imminent
;$X576087419$;;;$CT003107$;;;magenta;magenta;;;0;2025-11-21;1;Risque de rupture imminent
;$X576087419$;;;$$;;;yellow;yellow;;;0;2025-11-24;1;Risque de rupture imminent
;$X576087419$;;;$CT003107$;;;yellow;yellow;;;0;2025-11-24;1;Risque de rupture imminent
;$X576087509$;;;$CT003083$;;;yellow;yellow;;;0;2025-11-21;1;Risque de rupture imminent
;$X576087510$;;;$CT003084$;;;cyan;cyan;;;0;2025-11-26;1;Risque de rupture imminent
;$X576087510$;;;$CT003084$;;;yellow;yellow;;;0;2025-11-21;1;Risque de rupture imminent
;$X576097423$;;;$CT002939$;;;black;black;;;0;2025-11-27;1;Risque de rupture imminent
;$X576097452$;;;$CT002948$;;;yellow;yellow;;;0;2025-11-20;1;Risque de rupture imminent
;$X576097475$;;;$CT002943$;;;black;black;;;0;2025-12-01;1;Risque de rupture imminent
;$X576097477$;;;$CT002944$;;;black;black;;;0;2025-11-26;1;Risque de rupture imminent
;$X576097669$;;;$CT002873$;;;magenta;magenta;;;0;2025-11-21;1;Risque de rupture imminent
;$X576124182$;;;$$;;;cyan;cyan;;;0;2025-11-25;1;Risque de rupture imminent
;$X576124182$;;;$CT003100$;;;cyan;cyan;;;0;2025-11-25;1;Risque de rupture imminent
;$X576124184$;;;$CT003130$;;;yellow;yellow;;;0;2025-11-19;1;Risque de rupture imminent
;$X576135787$;;;$CT001634$;;;black;black;;;0;2024-11-06;1;Risque de rupture imminent
;$X576135787$;;;$CT001634$;;;cyan;cyan;;;0;2025-05-06;1;Risque de rupture imminent
;$X576135787$;;;$CT001634$;;;magenta;magenta;;;0;2025-04-30;1;Risque de rupture imminent
;$X576135787$;;;$CT001634$;;;yellow;yellow;;;0;2024-10-31;1;Risque de rupture imminent
;$X576135844$;;;$$;;;magenta;magenta;;;0;2025-11-20;1;Risque de rupture imminent
;$X576135844$;;;$CT004309$;;;magenta;magenta;;;0;2025-11-20;1;Risque de rupture imminent
;$X576135853$;;;$CT003277$;;;black;black;;;0;2025-11-29;1;Risque de rupture imminent
;$X576135853$;;;$CT003277$;;;magenta;magenta;;;0;2025-11-27;1;Risque de rupture imminent
;$X576135853$;;;$CT003277$;;;yellow;yellow;;;0;2025-11-18;1;Risque de rupture imminent
;$X576136424$;;;$$;;;black;black;;;0;2025-12-05;1;Risque de rupture imminent
;$X576136424$;;;$CT003214$;;;black;black;;;0;2025-12-05;1;Risque de rupture imminent
;$X576136483$;;;$CT003185$;;;magenta;magenta;;;0;2025-11-23;1;Risque de rupture imminent
;$X576136485$;;;$CT003133$;;;cyan;cyan;;;0;2025-11-26;1;Risque de rupture imminent
;$X576136504$;;;$CT003284$;;;cyan;cyan;;;0;2025-11-25;1;Risque de rupture imminent
;$X576136504$;;;$CT003284$;;;magenta;magenta;;;0;2025-11-22;1;Risque de rupture imminent
;$X576136504$;;;$CT003284$;;;yellow;yellow;;;0;2025-11-18;1;Risque de rupture imminent
;$X576147888$;;;$$;;;cyan;cyan;;;0;2025-11-20;1;Risque de rupture imminent
;$X576147888$;;;$$;;;magenta;magenta;;;0;2025-10-29;1;Risque de rupture imminent
;$X576150113$;;;$$;;;black;black;;;0;2025-11-27;1;Risque de rupture imminent
;$X576150117$;;;$$;;;cyan;cyan;;;0;2025-11-23;1;Risque de rupture imminent
;$X576150117$;;;$$;;;magenta;magenta;;;0;2025-11-21;1;Risque de rupture imminent
;$X576150117$;;;$$;;;yellow;yellow;;;0;2025-11-18;1;Risque de rupture imminent
;$X576152758$;;;$$;;;cyan;cyan;;;0;2025-11-22;1;Risque de rupture imminent
;$X576152758$;;;$CT003428$;;;cyan;cyan;;;0;2025-11-22;1;Risque de rupture imminent
;$X576152758$;;;$$;;;yellow;yellow;;;0;2025-11-28;1;Risque de rupture imminent
;$X576152758$;;;$CT003428$;;;yellow;yellow;;;0;2025-11-28;1;Risque de rupture imminent
;$X57H013328$;;;$CT002732$;;;cyan;cyan;;;0;2024-11-24;1;Risque de rupture imminent
;$X57H013328$;;;$CT002732$;;;magenta;magenta;;;0;2024-07-01;1;Risque de rupture imminent
;$X57H013328$;;;$CT002732$;;;yellow;yellow;;;0;2024-08-23;1;Risque de rupture imminent
;$X57H013384$;;;$CT002735$;;;black;black;;;0;2024-06-25;1;Risque de rupture imminent
;$X57H013384$;;;$CT002735$;;;cyan;cyan;;;0;2024-08-15;1;Risque de rupture imminent
;$X57H013384$;;;$CT002735$;;;magenta;magenta;;;0;2024-08-16;1;Risque de rupture imminent
;$X6GN007907$;;;$CT002507$;;;cyan;cyan;;;0;2025-08-18;1;Risque de rupture imminent
;$X6GN007907$;;;$CT002507$;;;magenta;magenta;;;0;2025-08-10;1;Risque de rupture imminent
;$X6GN008216$;;;$$;;;black;black;;;0;2025-03-13;1;Risque de rupture imminent
;$X6GN008216$;;;$$;;;cyan;cyan;;;0;2025-02-05;1;Risque de rupture imminent
;$X6GN008216$;;;$$;;;yellow;yellow;;;0;2025-03-09;1;Risque de rupture imminent
;$X6GN008221$;;;$$;;;black;black;;;0;2025-03-10;1;Risque de rupture imminent
;$X6GN008221$;;;$CT002686$;;;black;black;;;0;2025-03-10;1;Risque de rupture imminent
;$X6GN008221$;;;$$;;;cyan;cyan;;;0;2025-10-12;1;Risque de rupture imminent
;$X6GN008221$;;;$CT002686$;;;cyan;cyan;;;0;2025-10-12;1;Risque de rupture imminent
;$X6GN008367$;;;$CT002517$;;;cyan;cyan;;;0;2025-12-02;1;Risque de rupture imminent
;$X6GN008367$;;;$CT002517$;;;yellow;yellow;;;0;2025-11-02;1;Risque de rupture imminent
;$X6GN008763$;;;$CT002526$;;;black;black;;;0;2025-11-28;1;Risque de rupture imminent
;$X6GN008969$;;;$CT002531$;;;black;black;;;0;2025-12-01;1;Risque de rupture imminent
;$X6GN008969$;;;$$;;;black;black;;;0;2025-12-01;1;Risque de rupture imminent
;$X6GN008969$;;;$CT000747$;;;black;black;;;0;2025-12-01;1;Risque de rupture imminent
;$X6GN008969$;;;$CT002531$;;;cyan;cyan;;;0;2025-11-02;1;Risque de rupture imminent
;$X6GN008969$;;;$$;;;cyan;cyan;;;0;2025-11-02;1;Risque de rupture imminent
;$X6GN008969$;;;$CT000747$;;;cyan;cyan;;;0;2025-11-02;1;Risque de rupture imminent
;$X6GN009005$;;;$CT002535$;;;magenta;magenta;;;0;2025-11-21;1;Risque de rupture imminent
;$X6GN009498$;;;$CT002545$;;;black;black;;;0;2025-07-20;1;Risque de rupture imminent
;$X6GN009498$;;;$CT002545$;;;cyan;cyan;;;0;2025-01-11;1;Risque de rupture imminent
;$X6GN009498$;;;$CT002545$;;;magenta;magenta;;;0;2025-11-02;1;Risque de rupture imminent
;$X6GN009511$;;;$CT002551$;;;cyan;cyan;;;0;2025-08-13;1;Risque de rupture imminent
;$X6GN009511$;;;$CT002551$;;;magenta;magenta;;;0;2025-10-31;1;Risque de rupture imminent
;$X6GN009512$;;;$CT002553$;;;black;black;;;0;2025-01-09;1;Risque de rupture imminent
;$X6GN009512$;;;$CT002553$;;;cyan;cyan;;;0;2025-11-09;1;Risque de rupture imminent
;$X6GN009512$;;;$CT002553$;;;magenta;magenta;;;0;2025-05-18;1;Risque de rupture imminent
;$X6GN013489$;;;$$;;;magenta;magenta;;;0;2025-11-12;1;Risque de rupture imminent
;$X6GN013489$;;;$CT002824$;;;magenta;magenta;;;0;2025-11-12;1;Risque de rupture imminent
;$X6GN013489$;;;$CT004283$;;;magenta;magenta;;;0;2025-11-12;1;Risque de rupture imminent
;$X6GN013489$;;;$CT004203$;;;magenta;magenta;;;0;2025-11-12;1;Risque de rupture imminent
;$X6GN013504$;;;$$;;;yellow;yellow;;;0;2025-10-10;1;Risque de rupture imminent
;$X6GN013504$;;;$CT003205$;;;yellow;yellow;;;0;2025-10-10;1;Risque de rupture imminent
;$X6GN013504$;;;$CT004235$;;;yellow;yellow;;;0;2025-10-10;1;Risque de rupture imminent
;$X6GN015789$;;;$CT002625$;;;yellow;yellow;;;0;2025-10-19;1;Risque de rupture imminent
;$X6GN016615$;;;$$;;;cyan;cyan;;;0;2025-12-02;1;Risque de rupture imminent
;$X6GN022944$;;;$$;;;cyan;cyan;;;0;2025-11-26;1;Risque de rupture imminent
;$X6GN022944$;;;$CT003258$;;;cyan;cyan;;;0;2025-11-26;1;Risque de rupture imminent
;$X6GN022944$;;;$$;;;yellow;yellow;;;0;2025-11-22;1;Risque de rupture imminent
;$X6GN022944$;;;$CT003258$;;;yellow;yellow;;;0;2025-11-22;1;Risque de rupture imminent
;$X6GN026123$;;;$$;;;cyan;cyan;;;0;2025-11-25;1;Risque de rupture imminent
;$X6GN026123$;;;$$;;;magenta;magenta;;;0;2025-11-21;1;Risque de rupture imminent
;$X74R002733$;;;$CT002568$;;;magenta;magenta;;;0;2025-11-19;1;Risque de rupture imminent
;$X74R003814$;;;$CT002569$;;;magenta;magenta;;;0;2025-11-20;1;Risque de rupture imminent
;$X74R003814$;;;$CT004212$;;;magenta;magenta;;;0;2025-11-20;1;Risque de rupture imminent
;$X74R003814$;;;$CT002569$;;;yellow;yellow;;;0;2025-11-19;1;Risque de rupture imminent
;$X74R003814$;;;$CT004212$;;;yellow;yellow;;;0;2025-11-19;1;Risque de rupture imminent
;$X74R003821$;;;$CT002571$;;;cyan;cyan;;;0;2025-09-11;1;Risque de rupture imminent
;$X74R003821$;;;$CT003445$;;;cyan;cyan;;;0;2025-09-11;1;Risque de rupture imminent
;$X74R003821$;;;$CT002571$;;;magenta;magenta;;;0;2025-09-03;1;Risque de rupture imminent
;$X74R003821$;;;$CT003445$;;;magenta;magenta;;;0;2025-09-03;1;Risque de rupture imminent
;$X74R003821$;;;$CT002571$;;;yellow;yellow;;;0;2025-09-02;1;Risque de rupture imminent
;$X74R003821$;;;$CT003445$;;;yellow;yellow;;;0;2025-09-02;1;Risque de rupture imminent
;$X74R004509$;;;$CT003034$;;;cyan;cyan;;;0;2025-11-26;1;Risque de rupture imminent
;$X74R005479$;;;$CT003603$;;;cyan;cyan;;;0;2025-11-28;1;Risque de rupture imminent
;$X74R005479$;;;$CT004127$;;;cyan;cyan;;;0;2025-11-28;1;Risque de rupture imminent
;$XAUV000003$;;;$$;;;yellow;yellow;;;0;2025-05-12;1;Risque de rupture imminent
;$XAUV000003$;;;$CT002670$;;;yellow;yellow;;;0;2025-05-12;1;Risque de rupture imminent
;$XAUV000013$;;;$$;;;cyan;cyan;;;0;2025-11-25;1;Risque de rupture imminent
;$XAUV000013$;;;$CT002708$;;;cyan;cyan;;;0;2025-11-25;1;Risque de rupture imminent
;$XAUV000013$;;;$CT004191$;;;cyan;cyan;;;0;2025-11-25;1;Risque de rupture imminent
;$XAUV000017$;;;$$;;;yellow;yellow;;;0;2025-11-21;1;Risque de rupture imminent
;$XAUV000017$;;;$CT002716$;;;yellow;yellow;;;0;2025-11-21;1;Risque de rupture imminent
;$XAUV000033$;;;$CT002798$;;;black;black;;;0;2025-09-11;1;Risque de rupture imminent
;$XAUV000033$;;;$CT002798$;;;yellow;yellow;;;0;2025-10-16;1;Risque de rupture imminent
;$XAUV000049$;;;$CT002801$;;;cyan;cyan;;;0;2025-11-21;1;Risque de rupture imminent
;$XAUV000300$;;;$$;;;black;black;;;0;2024-07-15;1;Risque de rupture imminent
;$XAUV000300$;;;$CT002730$;;;black;black;;;0;2024-07-15;1;Risque de rupture imminent
;$XAUV000300$;;;$$;;;cyan;cyan;;;0;2024-10-11;1;Risque de rupture imminent
;$XAUV000300$;;;$CT002730$;;;cyan;cyan;;;0;2024-10-11;1;Risque de rupture imminent
;$XAUV000300$;;;$$;;;magenta;magenta;;;0;2024-06-22;1;Risque de rupture imminent
;$XAUV000300$;;;$CT002730$;;;magenta;magenta;;;0;2024-06-22;1;Risque de rupture imminent
;$XAUV000300$;;;$$;;;yellow;yellow;;;0;2024-09-29;1;Risque de rupture imminent
;$XAUV000300$;;;$CT002730$;;;yellow;yellow;;;0;2024-09-29;1;Risque de rupture imminent
;$XAUV000312$;;;$CT002726$;;;black;black;;;0;2025-11-18;1;Risque de rupture imminent
;$XAUV000312$;;;$CT004215$;;;black;black;;;0;2025-11-18;1;Risque de rupture imminent
;$XAUV000312$;;;$CT002726$;;;yellow;yellow;;;0;2025-11-09;1;Risque de rupture imminent
;$XAUV000312$;;;$CT004215$;;;yellow;yellow;;;0;2025-11-09;1;Risque de rupture imminent
;$XAUV000326$;;;$$;;;cyan;cyan;;;0;2025-11-28;1;Risque de rupture imminent
;$XAUV000326$;;;$CT002851$;;;cyan;cyan;;;0;2025-11-28;1;Risque de rupture imminent
;$XAUV000326$;;;$CT004262$;;;cyan;cyan;;;0;2025-11-28;1;Risque de rupture imminent
;$XAUV000424$;;;$CT002868$;;;black;black;;;0;2025-11-25;1;Risque de rupture imminent
;$XAUV000762$;;;$$;;;yellow;yellow;;;0;2025-11-22;1;Risque de rupture imminent
;$XAUV000762$;;;$CT002902$;;;yellow;yellow;;;0;2025-11-22;1;Risque de rupture imminent
;$XAUV000804$;;;$$;;;black;black;;;0;2025-11-28;1;Risque de rupture imminent
;$XAUV000804$;;;$CT002885$;;;black;black;;;0;2025-11-28;1;Risque de rupture imminent
;$XAUV000804$;;;$$;;;cyan;cyan;;;0;2025-12-03;1;Risque de rupture imminent
;$XAUV000804$;;;$CT002885$;;;cyan;cyan;;;0;2025-12-03;1;Risque de rupture imminent
;$XAUV000807$;;;$$;;;black;black;;;0;2025-11-28;1;Risque de rupture imminent
;$XAUV000807$;;;$CT002950$;;;black;black;;;0;2025-11-28;1;Risque de rupture imminent
;$XAUV000810$;;;$$;;;black;black;;;0;2025-11-28;1;Risque de rupture imminent
;$XAUV000810$;;;$CT002649$;;;black;black;;;0;2025-11-28;1;Risque de rupture imminent
;$XAUV000810$;;;$CT004190$;;;black;black;;;0;2025-11-28;1;Risque de rupture imminent
;$XAUV001348$;;;$CT002933$;;;cyan;cyan;;;0;2025-11-27;1;Risque de rupture imminent
;$XAUV001456$;;;$CT002938$;;;yellow;yellow;;;0;2025-11-18;1;Risque de rupture imminent
;$XAUV002416$;;;$CT002946$;;;magenta;magenta;;;0;2025-11-22;1;Risque de rupture imminent
;$XAUV003477$;;;$$;;;cyan;cyan;;;0;2025-11-28;1;Risque de rupture imminent
;$XAUV003477$;;;$CT003138$;;;cyan;cyan;;;0;2025-11-28;1;Risque de rupture imminent
;$XAUV003628$;;;$$;;;magenta;magenta;;;0;2025-11-25;1;Risque de rupture imminent
;$XAUV003628$;;;$CT003220$;;;magenta;magenta;;;0;2025-11-25;1;Risque de rupture imminent
;$XAUV003628$;;;$CT004299$;;;magenta;magenta;;;0;2025-11-25;1;Risque de rupture imminent
;$XAUV003628$;;;$CT004219$;;;magenta;magenta;;;0;2025-11-25;1;Risque de rupture imminent
;$XAUV003628$;;;$$;;;yellow;yellow;;;0;2025-11-22;1;Risque de rupture imminent
;$XAUV003628$;;;$CT003220$;;;yellow;yellow;;;0;2025-11-22;1;Risque de rupture imminent
;$XAUV003628$;;;$CT004299$;;;yellow;yellow;;;0;2025-11-22;1;Risque de rupture imminent
;$XAUV003628$;;;$CT004219$;;;yellow;yellow;;;0;2025-11-22;1;Risque de rupture imminent
;$XAUV004214$;;;$$;;;yellow;yellow;;;0;2025-11-28;1;Risque de rupture imminent
;$XAUV004214$;;;$CT003110$;;;yellow;yellow;;;0;2025-11-28;1;Risque de rupture imminent
;$XAUV004806$;;;$CT003090$;;;black;black;;;0;2025-11-27;1;Risque de rupture imminent
;$XAUV004806$;;;$CT003090$;;;yellow;yellow;;;0;2025-11-19;1;Risque de rupture imminent
;$XAUV004827$;;;$CT003191$;;;black;black;;;0;2025-11-28;1;Risque de rupture imminent
;$XAUV004844$;;;$CT004218$;;;black;black;;;0;2025-11-28;1;Risque de rupture imminent
;$XAUV004844$;;;$CT004218$;;;yellow;yellow;;;0;2025-11-18;1;Risque de rupture imminent
;$XAUV004866$;;;$$;;;cyan;cyan;;;0;2025-11-29;1;Risque de rupture imminent
;$XAUV004866$;;;$CT003199$;;;cyan;cyan;;;0;2025-11-29;1;Risque de rupture imminent
;$XAUV005129$;;;$$;;;black;black;;;0;2025-11-28;1;Risque de rupture imminent
;$XAUV005129$;;;$CT003259$;;;black;black;;;0;2025-11-28;1;Risque de rupture imminent
;$XAUV005129$;;;$CT004254$;;;black;black;;;0;2025-11-28;1;Risque de rupture imminent
;$XAUV005148$;;;$$;;;cyan;cyan;;;0;2025-11-29;1;Risque de rupture imminent
;$XAUV005148$;;;$CT003008$;;;cyan;cyan;;;0;2025-11-29;1;Risque de rupture imminent
;$XAUV005148$;;;$CT004225$;;;cyan;cyan;;;0;2025-11-29;1;Risque de rupture imminent
;$XAUV005148$;;;$$;;;magenta;magenta;;;0;2025-11-20;1;Risque de rupture imminent
;$XAUV005148$;;;$CT003008$;;;magenta;magenta;;;0;2025-11-20;1;Risque de rupture imminent
;$XAUV005148$;;;$CT004225$;;;magenta;magenta;;;0;2025-11-20;1;Risque de rupture imminent
;$XAUV005148$;;;$$;;;yellow;yellow;;;0;2025-11-24;1;Risque de rupture imminent
;$XAUV005148$;;;$CT003008$;;;yellow;yellow;;;0;2025-11-24;1;Risque de rupture imminent
;$XAUV005148$;;;$CT004225$;;;yellow;yellow;;;0;2025-11-24;1;Risque de rupture imminent
;$XAUV005157$;;;$$;;;yellow;yellow;;;0;2025-11-20;1;Risque de rupture imminent
;$XAUV005157$;;;$CT003266$;;;yellow;yellow;;;0;2025-11-20;1;Risque de rupture imminent
;$XAUV005157$;;;$CT004256$;;;yellow;yellow;;;0;2025-11-20;1;Risque de rupture imminent
;$XAUV005166$;;;$CT003270$;;;black;black;;;0;2025-07-31;1;Risque de rupture imminent
;$XAUV005166$;;;$CT003270$;;;magenta;magenta;;;0;2024-09-27;1;Risque de rupture imminent
;$XAUV005166$;;;$CT003270$;;;yellow;yellow;;;0;2025-04-25;1;Risque de rupture imminent
;$XAUV005357$;;;$$;;;magenta;magenta;;;0;2025-11-23;1;Risque de rupture imminent
;$XAUV005357$;;;$CT004246$;;;magenta;magenta;;;0;2025-11-23;1;Risque de rupture imminent
;$XAUV005400$;;;$CT003099$;;;magenta;magenta;;;0;2025-11-25;1;Risque de rupture imminent
;$XAUV005400$;;;$CT003099$;;;yellow;yellow;;;0;2025-11-19;1;Risque de rupture imminent
;$XAUV005404$;;;$$;;;yellow;yellow;;;0;2025-11-20;1;Risque de rupture imminent
;$XAUV005404$;;;$CT003162$;;;yellow;yellow;;;0;2025-11-20;1;Risque de rupture imminent
;$XAUV005404$;;;$CT004289$;;;yellow;yellow;;;0;2025-11-20;1;Risque de rupture imminent
;$XAUV005404$;;;$CT004209$;;;yellow;yellow;;;0;2025-11-20;1;Risque de rupture imminent
;$XAUV005414$;;;$CT003089$;;;yellow;yellow;;;0;2025-11-21;1;Risque de rupture imminent
;$XAUV005419$;;;$$;;;black;black;;;0;2025-11-25;1;Risque de rupture imminent
;$XAUV005419$;;;$CT004206$;;;black;black;;;0;2025-11-25;1;Risque de rupture imminent
;$XAUV005424$;;;$CT003059$;;;yellow;yellow;;;0;2025-11-23;1;Risque de rupture imminent
;$XAUV005434$;;;$CT003060$;;;magenta;magenta;;;0;2025-11-22;1;Risque de rupture imminent
;$XAUV005830$;;;$CT003507$;;;black;black;;;0;2025-07-29;1;Risque de rupture imminent
;$XAUV005830$;;;$CT003507$;;;cyan;cyan;;;0;2025-01-30;1;Risque de rupture imminent
;$XAUV005830$;;;$CT003507$;;;magenta;magenta;;;0;2025-01-29;1;Risque de rupture imminent
;$XAUV005830$;;;$CT003507$;;;yellow;yellow;;;0;2025-01-26;1;Risque de rupture imminent
;$XAUV005831$;;;$$;;;black;black;;;0;2025-08-11;1;Risque de rupture imminent
;$XAUV005831$;;;$CT003506$;;;black;black;;;0;2025-08-11;1;Risque de rupture imminent
;$XAUV005831$;;;$$;;;magenta;magenta;;;0;2025-01-25;1;Risque de rupture imminent
;$XAUV005831$;;;$CT003506$;;;magenta;magenta;;;0;2025-01-25;1;Risque de rupture imminent
;$XAUV005833$;;;$$;;;yellow;yellow;;;0;2025-11-24;1;Risque de rupture imminent
;$XAUV005833$;;;$CT003503$;;;yellow;yellow;;;0;2025-11-24;1;Risque de rupture imminent
;$XAUV005875$;;;$CT003285$;;;yellow;yellow;;;0;2025-11-20;1;Risque de rupture imminent
;$XAUV005877$;;;$$;;;black;black;;;0;2025-11-25;1;Risque de rupture imminent
;$XAUV005916$;;;$CT003504$;;;black;black;;;0;2025-11-28;1;Risque de rupture imminent
;$XAUV005918$;;;$CT003756$;;;cyan;cyan;;;0;2025-11-28;1;Risque de rupture imminent
;$XAUV005947$;;;$$;;;magenta;magenta;;;0;2025-11-30;1;Risque de rupture imminent
;$XAUV005947$;;;$CT003067$;;;magenta;magenta;;;0;2025-11-30;1;Risque de rupture imminent
;$XAUV006175$;;;$$;;;black;black;;;0;2025-12-03;1;Risque de rupture imminent
;$XAUV006175$;;;$CT003401$;;;black;black;;;0;2025-12-03;1;Risque de rupture imminent
;$XAUV006175$;;;$$;;;cyan;cyan;;;0;2025-10-15;1;Risque de rupture imminent
;$XAUV006175$;;;$CT003401$;;;cyan;cyan;;;0;2025-10-15;1;Risque de rupture imminent
;$XAUV006201$;;;$$;;;magenta;magenta;;;0;2025-11-20;1;Risque de rupture imminent
;$XAUV006201$;;;$CT003158$;;;magenta;magenta;;;0;2025-11-20;1;Risque de rupture imminent
;$XAUV006201$;;;$$;;;yellow;yellow;;;0;2025-11-19;1;Risque de rupture imminent
;$XAUV006201$;;;$CT003158$;;;yellow;yellow;;;0;2025-11-19;1;Risque de rupture imminent
;$XAUV006210$;;;$$;;;black;black;;;0;2025-12-02;1;Risque de rupture imminent
;$XAUV006210$;;;$$;;;cyan;cyan;;;0;2025-03-07;1;Risque de rupture imminent
;$XAUV006210$;;;$$;;;magenta;magenta;;;0;2025-03-15;1;Risque de rupture imminent
;$XAUV006210$;;;$$;;;yellow;yellow;;;0;2025-02-20;1;Risque de rupture imminent
;$XAUV006298$;;;$CT003180$;;;black;black;;;0;2025-11-28;1;Risque de rupture imminent
;$XAUV006298$;;;$CT003180$;;;yellow;yellow;;;0;2025-11-18;1;Risque de rupture imminent
;$XAUV006444$;;;$CT003072$;;;magenta;magenta;;;0;2025-12-05;1;Risque de rupture imminent
;$XAUV007459$;;;$$;;;black;black;;;0;2025-07-04;1;Risque de rupture imminent
;$XAUV007459$;;;$CT003361$;;;black;black;;;0;2025-07-04;1;Risque de rupture imminent
;$XAUV007459$;;;$$;;;yellow;yellow;;;0;2025-10-22;1;Risque de rupture imminent
;$XAUV007459$;;;$CT003361$;;;yellow;yellow;;;0;2025-10-22;1;Risque de rupture imminent
;$XAUV007609$;;;$CT003073$;;;cyan;cyan;;;0;2025-11-27;1;Risque de rupture imminent
;$XAUV007648$;;;$CT003215$;;;magenta;magenta;;;0;2025-11-23;1;Risque de rupture imminent
;$XAUV007786$;;;$CT003186$;;;cyan;cyan;;;0;2025-12-03;1;Risque de rupture imminent
;$XAUV011428$;;;$$;;;yellow;yellow;;;0;2025-11-23;1;Risque de rupture imminent
;$XAUV011705$;;;$CT003847$;;;black;black;;;0;2025-12-04;1;Risque de rupture imminent
;$XAUV013074$;;;$$;;;cyan;cyan;;;0;2025-11-24;1;Risque de rupture imminent
;$XAUV013080$;;;$CT003897$;;;black;black;;;0;2025-11-26;1;Risque de rupture imminent
;$XAUV013215$;;;$$;;;cyan;cyan;;;0;2025-11-30;1;Risque de rupture imminent
;$XAUV013217$;;;$CT003908$;;;black;black;;;0;2025-11-26;1;Risque de rupture imminent
;$XAUV013218$;;;$CT003784$;;;cyan;cyan;;;0;2025-11-06;1;Risque de rupture imminent
;$XAUV013218$;;;$CT003784$;;;yellow;yellow;;;0;2025-11-28;1;Risque de rupture imminent
;$XAUV013698$;;;$$;;;magenta;magenta;;;0;2025-11-21;1;Risque de rupture imminent
;$XAUV013698$;;;$$;;;yellow;yellow;;;0;2025-11-20;1;Risque de rupture imminent
;$XAUV014018$;;;$$;;;cyan;cyan;;;0;2025-11-26;1;Risque de rupture imminent
;$XAUV014018$;;;$$;;;magenta;magenta;;;0;2025-11-25;1;Risque de rupture imminent
;$XAUV014018$;;;$$;;;yellow;yellow;;;0;2025-11-22;1;Risque de rupture imminent
;$XAUV014184$;;;$$;;;magenta;magenta;;;0;2025-11-21;1;Risque de rupture imminent
;$XAUV014370$;;;$$;;;black;black;;;0;2025-11-25;1;Risque de rupture imminent
;$XAUV014370$;;;$$;;;cyan;cyan;;;0;2025-11-24;1;Risque de rupture imminent
;$XAUV014370$;;;$$;;;magenta;magenta;;;0;2025-11-22;1;Risque de rupture imminent
;$XAUV014370$;;;$$;;;yellow;yellow;;;0;2025-11-21;1;Risque de rupture imminent
;$XAUV014382$;;;$$;;;yellow;yellow;;;0;2025-11-25;1;Risque de rupture imminent
;$XAUV014386$;;;$$;;;black;black;;;0;2025-11-23;1;Risque de rupture imminent
;$XAUV014422$;;;$$;;;cyan;cyan;;;0;2025-11-22;1;Risque de rupture imminent
;$XAUV014560$;;;$$;;;magenta;magenta;;;0;2025-11-24;1;Risque de rupture imminent
;$XAUV014581$;;;$$;;;black;black;;;0;2025-11-29;1;Risque de rupture imminent
;$XAUV014672$;;;$$;;;yellow;yellow;;;0;2025-11-19;1;Risque de rupture imminent
;$XAUV014702$;;;$$;;;cyan;cyan;;;0;2025-11-25;1;Risque de rupture imminent
;$XAUV014702$;;;$$;;;magenta;magenta;;;0;2025-11-19;1;Risque de rupture imminent
;$XAUV014803$;;;$$;;;black;black;;;0;2025-11-26;1;Risque de rupture imminent
;$XAUV014803$;;;$CT003879$;;;black;black;;;0;2025-11-26;1;Risque de rupture imminent
;$XAUV014837$;;;$$;;;black;black;;;0;2025-12-01;1;Risque de rupture imminent
;$XAUV014853$;;;$$;;;magenta;magenta;;;0;2025-11-21;1;Risque de rupture imminent
;$XAUV014853$;;;$$;;;yellow;yellow;;;0;2025-11-21;1;Risque de rupture imminent
;$XAUV014857$;;;$$;;;cyan;cyan;;;0;2025-11-24;1;Risque de rupture imminent
;$XAUV014857$;;;$$;;;magenta;magenta;;;0;2025-11-22;1;Risque de rupture imminent
;$XAUV014932$;;;$CT003719$;;;cyan;cyan;;;0;2025-11-25;1;Risque de rupture imminent
;$XAUV014932$;;;$CT003719$;;;magenta;magenta;;;0;2025-11-23;1;Risque de rupture imminent
;$XAUV015148$;;;$$;;;cyan;cyan;;;0;2025-12-01;1;Risque de rupture imminent
;$XAUV015148$;;;$$;;;yellow;yellow;;;0;2025-11-20;1;Risque de rupture imminent
;$XAUV015293$;;;$$;;;cyan;cyan;;;0;2025-11-25;1;Risque de rupture imminent
;$XAUV015293$;;;$CT003764$;;;cyan;cyan;;;0;2025-11-25;1;Risque de rupture imminent
;$XAUV015293$;;;$$;;;magenta;magenta;;;0;2025-11-27;1;Risque de rupture imminent
;$XAUV015293$;;;$CT003764$;;;magenta;magenta;;;0;2025-11-27;1;Risque de rupture imminent
;$XAUV015869$;;;$$;;;black;black;;;0;2025-11-25;1;Risque de rupture imminent
;$XAUV015869$;;;$$;;;cyan;cyan;;;0;2025-11-27;1;Risque de rupture imminent
;$XAUV015869$;;;$$;;;magenta;magenta;;;0;2025-11-22;1;Risque de rupture imminent
;$XAUV015869$;;;$$;;;yellow;yellow;;;0;2025-11-22;1;Risque de rupture imminent
;$XAUV016373$;;;$$;;;yellow;yellow;;;0;2025-11-22;1;Risque de rupture imminent
;$XAUV016552$;;;$$;;;cyan;cyan;;;0;2025-11-24;1;Risque de rupture imminent
;$XAUV016552$;;;$$;;;magenta;magenta;;;0;2025-11-19;1;Risque de rupture imminent
;$XAUV016552$;;;$$;;;yellow;yellow;;;0;2025-11-19;1;Risque de rupture imminent
;$XAUV016650$;;;$$;;;black;black;;;0;2025-11-23;1;Risque de rupture imminent
;$XAUV016650$;;;$$;;;cyan;cyan;;;0;2025-11-24;1;Risque de rupture imminent
;$XAUV016650$;;;$$;;;magenta;magenta;;;0;2025-11-26;1;Risque de rupture imminent
;$XAUV016650$;;;$$;;;yellow;yellow;;;0;2025-11-24;1;Risque de rupture imminent
;$XAUV016821$;;;$$;;;cyan;cyan;;;0;2025-11-25;1;Risque de rupture imminent
;$XAUV016821$;;;$$;;;magenta;magenta;;;0;2025-11-23;1;Risque de rupture imminent
;$XAV6000015$;;;$$;;;cyan;cyan;;;0;2025-12-04;1;Risque de rupture imminent
;$XAV6000015$;;;$CT002681$;;;cyan;cyan;;;0;2025-12-04;1;Risque de rupture imminent
;$XAV6000015$;;;$$;;;yellow;yellow;;;0;2025-11-30;1;Risque de rupture imminent
;$XAV6000015$;;;$CT002681$;;;yellow;yellow;;;0;2025-11-30;1;Risque de rupture imminent
;$XAV6000016$;;;$$;;;black;black;;;0;2025-11-20;1;Risque de rupture imminent
;$XAV6000016$;;;$CT003045$;;;black;black;;;0;2025-11-20;1;Risque de rupture imminent
;$XAV6000016$;;;$CT004297$;;;black;black;;;0;2025-11-20;1;Risque de rupture imminent
;$XAV6000016$;;;$CT004217$;;;black;black;;;0;2025-11-20;1;Risque de rupture imminent
;$XAV6000643$;;;$$;;;yellow;yellow;;;0;2025-11-26;1;Risque de rupture imminent
;$XAV6000643$;;;$CT002690$;;;yellow;yellow;;;0;2025-11-26;1;Risque de rupture imminent
;$XAV6000668$;;;$CT003010$;;;black;black;;;0;2025-11-27;1;Risque de rupture imminent
;$XAV6000668$;;;$CT004226$;;;black;black;;;0;2025-11-27;1;Risque de rupture imminent
;$XAV6000682$;;;$$;;;black;black;;;0;2025-11-25;1;Risque de rupture imminent
;$XAV6000682$;;;$CT004260$;;;black;black;;;0;2025-11-25;1;Risque de rupture imminent
;$XAV6002967$;;;$$;;;cyan;cyan;;;0;2025-11-26;1;Risque de rupture imminent
;$XAV6002985$;;;$$;;;black;black;;;0;2025-11-28;1;Risque de rupture imminent
;$XAV6002985$;;;$CT004110$;;;black;black;;;0;2025-11-28;1;Risque de rupture imminent
;$XAV6002985$;;;$$;;;yellow;yellow;;;0;2025-11-21;1;Risque de rupture imminent
;$XAV6002985$;;;$CT004110$;;;yellow;yellow;;;0;2025-11-21;1;Risque de rupture imminent
;$XAV6002988$;;;$$;;;black;black;;;0;2025-11-26;1;Risque de rupture imminent
;$XAV6002988$;;;$CT004114$;;;black;black;;;0;2025-11-26;1;Risque de rupture imminent
;$XAV6002992$;;;$$;;;magenta;magenta;;;0;2025-11-22;1;Risque de rupture imminent
;$XAV6002992$;;;$CT004104$;;;magenta;magenta;;;0;2025-11-22;1;Risque de rupture imminent
;$XAV6002992$;;;$$;;;yellow;yellow;;;0;2025-11-22;1;Risque de rupture imminent
;$XAV6002992$;;;$CT004104$;;;yellow;yellow;;;0;2025-11-22;1;Risque de rupture imminent
;$XAV6003000$;;;$$;;;black;black;;;0;2025-11-28;1;Risque de rupture imminent
;$XAV6003005$;;;$$;;;black;black;;;0;2025-11-29;1;Risque de rupture imminent
;$XAV6003005$;;;$$;;;magenta;magenta;;;0;2025-11-27;1;Risque de rupture imminent
;$XAV6003016$;;;$$;;;black;black;;;0;2025-11-28;1;Risque de rupture imminent
;$XAV6003016$;;;$CT004106$;;;black;black;;;0;2025-11-28;1;Risque de rupture imminent
;$XAV6003039$;;;$$;;;black;black;;;0;2025-11-27;1;Risque de rupture imminent
;$XAV6003039$;;;$CT004112$;;;black;black;;;0;2025-11-27;1;Risque de rupture imminent
;$XAV6003337$;;;$$;;;black;black;;;0;2025-11-29;1;Risque de rupture imminent
;$XAV6003361$;;;$$;;;black;black;;;0;2025-11-27;1;Risque de rupture imminent
;$XAV6003361$;;;$CT004122$;;;black;black;;;0;2025-11-27;1;Risque de rupture imminent
;$XAV6003363$;;;$$;;;yellow;yellow;;;0;2025-11-21;1;Risque de rupture imminent
;$XAVG000062$;;;$$;;;magenta;magenta;;;0;2025-11-21;1;Risque de rupture imminent
;$XAVG000062$;;;$CT001367$;;;magenta;magenta;;;0;2025-11-21;1;Risque de rupture imminent
;$XAVG000062$;;;$CT004092$;;;magenta;magenta;;;0;2025-11-21;1;Risque de rupture imminent
;$XAVG000133$;;;$$;;;black;black;;;0;2025-03-10;1;Risque de rupture imminent
;$XAVG000133$;;;$$;;;cyan;cyan;;;0;2025-01-15;1;Risque de rupture imminent
;$XAVG000133$;;;$$;;;magenta;magenta;;;0;2025-02-14;1;Risque de rupture imminent
;$XAVG000133$;;;$$;;;yellow;yellow;;;0;2025-01-27;1;Risque de rupture imminent
;$XAVG000139$;;;$$;;;black;black;;;0;2025-12-04;1;Risque de rupture imminent
;$XAVG000149$;;;$$;;;cyan;cyan;;;0;2025-12-05;1;Risque de rupture imminent
;$XAVG000149$;;;$CT003502$;;;cyan;cyan;;;0;2025-12-05;1;Risque de rupture imminent
;$XAVG000149$;;;$$;;;magenta;magenta;;;0;2025-11-22;1;Risque de rupture imminent
;$XAVG000149$;;;$CT003502$;;;magenta;magenta;;;0;2025-11-22;1;Risque de rupture imminent
;$XAVG000919$;;;$$;;;black;black;;;0;2025-11-21;1;Risque de rupture imminent
;$XAVG000927$;;;$CT004763$;;;magenta;magenta;;;0;2025-11-22;1;Risque de rupture imminent
;$XAVG000927$;;;$CT004102$;;;magenta;magenta;;;0;2025-11-22;1;Risque de rupture imminent
;$XAVG000931$;;;$$;;;cyan;cyan;;;0;2025-11-27;1;Risque de rupture imminent
;$XAVG000946$;;;$CT004099$;;;cyan;cyan;;;0;2025-11-27;1;Risque de rupture imminent
;$XAVG001640$;;;$CT005039$;;;cyan;cyan;;;0;2025-11-22;1;Risque de rupture imminent
;$XAVG001640$;;;$CT005039$;;;magenta;magenta;;;0;2025-11-23;1;Risque de rupture imminent
;$XAVG001640$;;;$CT005039$;;;yellow;yellow;;;0;2025-11-23;1;Risque de rupture imminent
;$XAVG001666$;;;$CT004100$;;;magenta;magenta;;;0;2025-11-23;1;Risque de rupture imminent
;$XBRT001472$;;;$CT003568$;;;cyan;cyan;;;0;2025-11-27;1;Risque de rupture imminent
;$XBRT002650$;;;$CT004934$;;;black;black;;;0;2025-11-28;1;Risque de rupture imminent
;$XBRT002650$;;;$CT004934$;;;cyan;cyan;;;0;2025-11-26;1;Risque de rupture imminent
;$XBRT002650$;;;$CT004934$;;;magenta;magenta;;;0;2025-11-23;1;Risque de rupture imminent
;$XBRT002650$;;;$CT004934$;;;yellow;yellow;;;0;2025-11-22;1;Risque de rupture imminent
;$XBRT002652$;;;$CT004935$;;;black;black;;;0;2025-11-27;1;Risque de rupture imminent
;$XBS5000186$;;;$CT005023$;;;black;black;;;0;2025-12-04;1;Risque de rupture imminent
;$XBS5000186$;;;$CT005023$;;;cyan;cyan;;;0;2025-11-26;1;Risque de rupture imminent
;$XBS5000186$;;;$CT005023$;;;magenta;magenta;;;0;2025-11-21;1;Risque de rupture imminent
;$XBS5000452$;;;$CT003729$;;;yellow;yellow;;;0;2025-11-19;1;Risque de rupture imminent
;$XC76010550$;;;$$;;;black;black;;;0;2025-11-28;1;Risque de rupture imminent
;$XC76011064$;;;$CT003540$;;;black;black;;;0;2025-11-28;1;Risque de rupture imminent
;$XC76011146$;;;$$;;;black;black;;;0;2025-11-26;1;Risque de rupture imminent
;$XC76011146$;;;$CT003522$;;;black;black;;;0;2025-11-26;1;Risque de rupture imminent
;$XC76015131$;;;$CT003576$;;;black;black;;;0;2025-11-29;1;Risque de rupture imminent
;$XC7H008490$;;;$CT003510$;;;black;black;;;0;2025-11-28;1;Risque de rupture imminent
;$XCUX024857$;;;$CT005125$;;;black;black;;;0;2025-11-26;1;Risque de rupture imminent
;$X3BL080728$;;;$CT002433$;;;black;black;;;1;2025-12-06;1;Risque de rupture imminent
;$X74R004509$;;;$CT003034$;;;yellow;yellow;;;1;2025-12-06;1;Risque de rupture imminent
;$XAUV013218$;;;$CT003784$;;;magenta;magenta;;;1;2025-12-06;1;Risque de rupture imminent
;$XAUV015293$;;;$$;;;yellow;yellow;;;1;2025-12-06;1;Risque de rupture imminent
;$XAUV015293$;;;$CT003764$;;;yellow;yellow;;;1;2025-12-06;1;Risque de rupture imminent
;$XAUV016373$;;;$$;;;magenta;magenta;;;1;2025-12-06;1;Risque de rupture imminent
;$XAV6002300$;;;$$;;;cyan;cyan;;;1;2025-12-06;1;Risque de rupture imminent
;$XAV6002300$;;;$CT004105$;;;cyan;cyan;;;1;2025-12-06;1;Risque de rupture imminent
;$XAV6003220$;;;$$;;;black;black;;;1;2025-12-06;1;Risque de rupture imminent
;$XC76011059$;;;$$;;;black;black;;;1;2025-12-06;1;Risque de rupture imminent
;$XC76011059$;;;$CT003532$;;;black;black;;;1;2025-12-06;1;Risque de rupture imminent
;$XAUV003850$;;;$$;;;yellow;yellow;;;2;2025-12-07;1;Risque de rupture imminent
;$XAUV003850$;;;$CT004166$;;;yellow;yellow;;;2;2025-12-07;1;Risque de rupture imminent
;$XAUV005854$;;;$CT003551$;;;cyan;cyan;;;2;2025-12-07;1;Risque de rupture imminent
;$XAUV013215$;;;$$;;;magenta;magenta;;;2;2025-12-07;1;Risque de rupture imminent
;$XAUV014382$;;;$$;;;cyan;cyan;;;2;2025-12-07;1;Risque de rupture imminent
;$XAUV016373$;;;$$;;;cyan;cyan;;;2;2025-12-07;1;Risque de rupture imminent
;$XAV6002300$;;;$$;;;magenta;magenta;;;2;2025-12-07;1;Risque de rupture imminent
;$XAV6002300$;;;$CT004105$;;;magenta;magenta;;;2;2025-12-07;1;Risque de rupture imminent
;$XCUX024857$;;;$CT005125$;;;cyan;cyan;;;2;2025-12-07;1;Risque de rupture imminent
;$X576124182$;;;$$;;;magenta;magenta;;;3;2025-12-08;1;Risque de rupture imminent
;$X576124182$;;;$CT003100$;;;magenta;magenta;;;3;2025-12-08;1;Risque de rupture imminent
;$XAUV004806$;;;$CT003090$;;;cyan;cyan;;;3;2025-12-08;1;Risque de rupture imminent
;$XAUV005424$;;;$CT003059$;;;magenta;magenta;;;3;2025-12-08;1;Risque de rupture imminent
;$XAUV011797$;;;$$;;;cyan;cyan;;;4;2025-12-09;2;A planifier rapidement
;$XAUV015293$;;;$$;;;black;black;;;4;2025-12-09;2;A planifier rapidement
;$XAUV015293$;;;$CT003764$;;;black;black;;;4;2025-12-09;2;A planifier rapidement
;$XAVG000919$;;;$$;;;cyan;cyan;;;4;2025-12-09;2;A planifier rapidement
;$XC76022721$;;;$$;;;black;black;;;4;2025-12-09;2;A planifier rapidement
;$X576135745$;;;$$;;;magenta;magenta;;;5;2025-12-10;2;A planifier rapidement
;$X576135745$;;;$CT003343$;;;magenta;magenta;;;5;2025-12-10;2;A planifier rapidement
;$XAUV000051$;;;$CT002802$;;;black;black;;;5;2025-12-10;2;A planifier rapidement
;$XAUV005138$;;;$$;;;yellow;yellow;;;5;2025-12-10;2;A planifier rapidement
;$XAUV005138$;;;$CT002978$;;;yellow;yellow;;;5;2025-12-10;2;A planifier rapidement
;$XAUV013074$;;;$$;;;black;black;;;5;2025-12-10;2;A planifier rapidement
;$XAUV014848$;;;$$;;;black;black;;;5;2025-12-10;2;A planifier rapidement
;$3MV01043$;;;$$;;;black;black;;;6;2025-12-11;2;A planifier rapidement
;$3MV01043$;;;$CT002837$;;;black;black;;;6;2025-12-11;2;A planifier rapidement
;$XAUV006298$;;;$CT003180$;;;magenta;magenta;;;6;2025-12-11;2;A planifier rapidement
;$XAUV007708$;;;$CT003193$;;;magenta;magenta;;;6;2025-12-11;2;A planifier rapidement
;$XAUV007786$;;;$CT003186$;;;black;black;;;6;2025-12-11;2;A planifier rapidement
;$210240$;;;$CT004959$;;;cyan;cyan;;;7;2025-12-12;2;A planifier rapidement
;$XAUV000031$;;;$CT002797$;;;black;black;;;7;2025-12-12;2;A planifier rapidement
;$XAUV000312$;;;$CT002726$;;;cyan;cyan;;;7;2025-12-12;2;A planifier rapidement
;$XAUV000312$;;;$CT004215$;;;cyan;cyan;;;7;2025-12-12;2;A planifier rapidement
;$XAUV004866$;;;$$;;;yellow;yellow;;;7;2025-12-12;2;A planifier rapidement
;$XAUV004866$;;;$CT003199$;;;yellow;yellow;;;7;2025-12-12;2;A planifier rapidement
;$XAUV013074$;;;$$;;;yellow;yellow;;;7;2025-12-12;2;A planifier rapidement
;$XAV6002983$;;;$$;;;magenta;magenta;;;7;2025-12-12;2;A planifier rapidement
;$XAVG001643$;;;$CT004094$;;;cyan;cyan;;;7;2025-12-12;2;A planifier rapidement
;$XAUV007757$;;;$CT003119$;;;yellow;yellow;;;8;2025-12-13;3;Peut être regroupé avec d'autres envois
;$XBRT002848$;;;$CT003708$;;;black;black;;;8;2025-12-13;3;Peut être regroupé avec d'autres envois
;$X6GN008221$;;;$$;;;magenta;magenta;;;9;2025-12-14;3;Peut être regroupé avec d'autres envois
;$X6GN008221$;;;$CT002686$;;;magenta;magenta;;;9;2025-12-14;3;Peut être regroupé avec d'autres envois
;$XAUV005244$;;;$$;;;black;black;;;9;2025-12-14;3;Peut être regroupé avec d'autres envois
;$XAUV005244$;;;$CT004318$;;;black;black;;;9;2025-12-14;3;Peut être regroupé avec d'autres envois
;$XAV6003008$;;;$CT004101$;;;cyan;cyan;;;9;2025-12-14;3;Peut être regroupé avec d'autres envois
;$XAV6003046$;;;$$;;;black;black;;;9;2025-12-14;3;Peut être regroupé avec d'autres envois
;$3771713784$;;;$CT003019$;;;yellow;yellow;;;10;2025-12-15;3;Peut être regroupé avec d'autres envois
;$XAUV003850$;;;$$;;;magenta;magenta;;;10;2025-12-15;3;Peut être regroupé avec d'autres envois
;$XAUV003850$;;;$CT004166$;;;magenta;magenta;;;10;2025-12-15;3;Peut être regroupé avec d'autres envois
